factor,level,exposure,claims,is_base,meets_minimum
DrivAge_band,18-20,2061.738933303391,469.0,False,True
DrivAge_band,21-22,3250.0631147540985,534.0,False,True
DrivAge_band,23-24,4678.311368365896,614.0,False,True
DrivAge_band,25-26,6558.812695561045,669.0,False,True
DrivAge_band,27-29,13999.439083015195,1121.0,False,True
DrivAge_band,30-34,30983.468919829327,2159.0,False,True
DrivAge_band,35-44,69826.10342390898,4925.0,False,True
DrivAge_band,45-54,71781.79794969683,5375.0,True,True
DrivAge_band,55-64,44911.53137210869,2905.0,False,True
DrivAge_band,65-74,25853.326674900814,1474.0,False,True
DrivAge_band,75+,12610.156571599671,811.0,False,True
VehAge_band,0,13385.122409611498,942.0,False,True
VehAge_band,1,26209.8177146493,1878.0,False,True
VehAge_band,2-4,63491.498796317086,4743.0,True,True
VehAge_band,5-7,49826.254790777755,4015.0,False,True
VehAge_band,8-10,47162.19452653642,3773.0,False,True
VehAge_band,11-13,40621.152552586274,2970.0,False,True
VehAge_band,14-16,28682.480910247774,1836.0,False,True
VehAge_band,17-19,11424.683231529307,641.0,False,True
VehAge_band,20+,5711.545174788532,258.0,False,True
VehPower_band,4,48073.86619956583,3124.0,False,True
VehPower_band,5,54475.20256680889,4065.0,False,True
VehPower_band,6,65900.01616213788,5029.0,True,True
VehPower_band,7,62215.213908226666,4483.0,False,True
VehPower_band,8,18207.264228609925,1309.0,False,True
VehPower_band,9,12266.765531851186,989.0,False,True
VehPower_band,10,12299.483193352797,976.0,False,True
VehPower_band,11,6780.691348903361,572.0,False,True
VehPower_band,12+,6296.2469675873945,509.0,False,True
BonusMalus_band,50,179975.61309529157,9182.0,True,True
BonusMalus_band,51-55,19638.206652444045,1335.0,False,True
BonusMalus_band,56-60,18661.401774833445,1535.0,False,True
BonusMalus_band,61-65,12165.193131222397,1660.0,False,True
BonusMalus_band,66-70,9048.55207799985,858.0,False,True
BonusMalus_band,71-75,8281.44391870649,874.0,False,True
BonusMalus_band,76-80,12928.526874017516,1327.0,False,True
BonusMalus_band,81-90,12172.535349202784,1362.0,False,True
BonusMalus_band,91-99,5749.899964069167,842.0,False,True
BonusMalus_band,100-110,5758.040764278763,1266.0,False,True
BonusMalus_band,111+,2135.3365049779177,815.0,False,True
LogDensity_band,0-2.5,7288.981333932181,354.0,False,True
LogDensity_band,2.5-3.5,26044.327963919455,1380.0,False,True
LogDensity_band,3.5-4.5,44207.56519350251,2638.0,False,True
LogDensity_band,4.5-5.5,53315.65404221873,3543.0,True,True
LogDensity_band,5.5-6.5,48661.41912568306,3426.0,False,True
LogDensity_band,6.5-7.5,46471.818478179506,3952.0,False,True
LogDensity_band,7.5-8.5,42291.89228684782,3962.0,False,True
LogDensity_band,8.5-9.5,12563.067718392094,1248.0,False,True
LogDensity_band,9.5+,5670.023964368591,553.0,False,True
VehBrand_grp,B1,76339.3065491429,5517.0,True,True
VehBrand_grp,B2,75915.57326521447,5434.0,False,True
VehBrand_grp,B3,22827.70470843626,1889.0,False,True
VehBrand_grp,B4,10922.719833819896,870.0,False,True
VehBrand_grp,B5,15872.640839883225,1292.0,False,True
VehBrand_grp,B6,12517.455397859121,999.0,False,True
VehBrand_grp,B10,7581.549044838685,619.0,False,True
VehBrand_grp,B11,5518.9459368216185,525.0,False,True
VehBrand_grp,B12,53565.57823040647,3484.0,False,True
VehBrand_grp,B13,5453.276300621304,427.0,False,True
Region_grp,Aquitaine,11383.808460962648,842.0,False,True
Region_grp,Auvergne + Limousin,3738.2017725877686,258.0,False,True
Region_grp,Basse-Normandie,5375.133613294408,373.0,False,True
Region_grp,Bourgogne,4024.163637996856,276.0,False,True
Region_grp,Bretagne,22152.691391571225,1484.0,False,True
Region_grp,Centre,82210.73331312224,5152.0,True,True
Region_grp,Haute-Normandie,2559.531944756344,180.0,False,True
Region_grp,Ile-de-France,24137.37941013549,2116.0,False,True
Region_grp,Languedoc-Roussillon,11716.294795269107,789.0,False,True
Region_grp,Lorraine,6466.541175237668,373.0,False,True
Region_grp,Midi-Pyrenees,5635.089740250019,299.0,False,True
Region_grp,"Nord-Est small (Als, Ch-Ard, F-Comte)",2391.2136110487313,168.0,False,True
Region_grp,Nord-Pas-de-Calais,9145.97840407216,758.0,False,True
Region_grp,PACA + Corse,30142.03095141852,2443.0,False,True
Region_grp,Pays-de-la-Loire,17462.879060558425,1254.0,False,True
Region_grp,Picardie,2826.34172542855,244.0,False,True
Region_grp,Poitou-Charentes,8917.40262369938,663.0,False,True
Region_grp,Rhone-Alpes,36229.3344756344,3384.0,False,True
VehGas,Diesel,136354.45672879706,10683.0,False,True
VehGas,Regular,150160.29337824686,10373.0,True,True
