DrivAge_band,exposure,min_bonusmalus,share_exposure_at_bm_50,share_exposure_bm_ge_100,mean_bonusmalus
18-20,2061.738933303391,50,0.06105577380078812,0.3956536818113062,93.97799990629194
21-22,3250.0631147540985,50,0.04101458811518667,0.27018409978352287,90.63528122147878
23-24,4678.311368365896,50,0.03214214426190132,0.187386763512092,85.73688705564004
25-26,6558.812695561045,50,0.02468851716743093,0.11686617838970204,79.72086754252939
27-29,13999.439083015195,50,0.04889067114720521,0.06583816439670898,72.16102843536602
30-34,30983.468919829327,50,0.25407255848665966,0.035440281930966606,63.42547644165044
35-44,69826.10342390898,50,0.6180416015510064,0.017089584438878938,56.503856242111524
45-54,71781.79794969683,50,0.7952918733683401,0.010225808625979466,53.54460920643435
55-64,44911.53137210869,50,0.8291921771333622,0.008825154327623446,52.95329192374343
65-74,25853.326674900814,50,0.8687527407497163,0.005076402623220709,52.121189036699974
75+,12610.156571599671,50,0.8647225130391019,0.006478185737306506,52.16689107601857
