term,relativity_glm_b,relativity_crm_offset,ratio,flag_move_gt_5pct
DrivAge_band[18-20],0.5685385642676096,1.8179694884103104,3.197618600863453,True
DrivAge_band[21-22],0.45868516907367846,1.3340731582336725,2.9084724080524627,True
DrivAge_band[23-24],0.4262477182935558,1.101281953472246,2.583666507075108,True
DrivAge_band[25-26],0.39103728393602144,0.9004756849731159,2.302787283885812,True
DrivAge_band[27-29],0.3777860748257073,0.7710860999943245,2.0410654372320827,True
DrivAge_band[30-34],0.6100520318425259,0.7670749986470086,1.2573927445667705,True
DrivAge_band[35-44],0.8084865957965457,0.8807322551264968,1.0893591306344077,True
DrivAge_band[55-64],0.8021719872648657,0.8790657177925049,1.095856913166241,True
DrivAge_band[65-74],0.7873890924541286,0.8220145840661779,1.0439750714657843,False
DrivAge_band[75+],0.9158051804470915,0.9610152097812034,1.0493664267241212,False
VehAge_band[0],0.9515659593915676,0.9413284431943602,0.989241401401377,False
VehAge_band[1],0.9783753937008404,0.9712184220424388,0.9926848409061788,False
VehAge_band[5-7],1.0146300067571654,1.0243110890341796,1.0095414902107573,False
VehAge_band[8-10],0.9429803256915553,0.9723679066215628,1.031164574837185,False
VehAge_band[11-13],0.861926269497173,0.9019553700058536,1.0464414439207574,False
VehAge_band[14-16],0.748400514883697,0.7945898320977277,1.0617173776546756,True
VehAge_band[17-19],0.6728192121075109,0.7182324728308697,1.0674969737875173,True
VehAge_band[20+],0.5971128258365463,0.6067768722105673,1.0161846236688716,False
VehPower_band[4],0.9128486109354667,0.9043611636294527,0.9907022399943007,False
VehPower_band[5],0.96531032556131,0.9684308675634208,1.0032326827129878,False
VehPower_band[7],1.0004792179890778,0.9959277466846552,0.9954507087977591,False
VehPower_band[8],1.0168655657362384,1.0166888271622165,0.9998261927830215,False
VehPower_band[9],1.1526310029251883,1.1489728618211499,0.996826268688978,False
VehPower_band[10],1.143670698755881,1.1390277004135845,0.9959402664181681,False
VehPower_band[11],1.25652304882156,1.2403543024350125,0.9871321529663054,False
VehPower_band[12+],1.1734051039570725,1.1497099122582177,0.9798064695483704,False
LogDensity_band[0-2.5],0.813554236962303,0.7805310615113038,0.9594087597966386,False
LogDensity_band[2.5-3.5],0.8705861761205955,0.841064557110637,0.9660899520119773,False
LogDensity_band[3.5-4.5],0.9331717889884592,0.9194435912789104,0.9852886704553833,False
LogDensity_band[5.5-6.5],1.039414861732,1.057219065755047,1.0171290643212274,False
LogDensity_band[6.5-7.5],1.1583722195518555,1.226410901292895,1.0587364584480123,True
LogDensity_band[7.5-8.5],1.2335786231552812,1.3271550189547594,1.0758576665021367,True
LogDensity_band[8.5-9.5],1.2018176093957205,1.313577827294568,1.0929926613032748,True
LogDensity_band[9.5+],1.319926709378072,1.435257571526803,1.0873767166989696,True
VehBrand_grp[B2],0.9895612971291411,0.9898004885443222,1.0002417146020919,False
VehBrand_grp[B3],1.0077002977835243,1.0147609700520754,1.007006718450001,False
VehBrand_grp[B4],0.9979071246168256,1.009120025711783,1.011236417516573,False
VehBrand_grp[B5],1.0392827409362109,1.069442554824001,1.0290198352188755,False
VehBrand_grp[B6],1.0163276062416824,1.0249128337004016,1.0084473032179722,False
VehBrand_grp[B10],1.0299832687670474,1.018804569186987,0.989146717311785,False
VehBrand_grp[B11],1.1704713264121653,1.158452191577809,0.9897313718301853,False
VehBrand_grp[B12],0.8730203793571715,0.7827045358345878,0.8965478405107957,True
VehBrand_grp[B13],1.0019188055585873,0.9994533101387817,0.9975392263263978,False
Region_grp[Aquitaine],1.1955391586041,1.0921039083349986,0.9134823401436124,True
Region_grp[Auvergne + Limousin],1.1410016682404795,1.1751891725706183,1.0299627119589219,False
Region_grp[Basse-Normandie],1.011231596472014,1.0064674046604802,0.995288723346704,False
Region_grp[Bourgogne],1.0084777849258018,1.0796306328957845,1.0705547003945335,True
Region_grp[Bretagne],1.0142267670088332,1.0013437709128843,0.9872977163342439,False
Region_grp[Haute-Normandie],1.1067654977707897,1.0262832967636955,0.9272816137029941,True
Region_grp[Ile-de-France],1.1894093489668112,1.0954570340406928,0.9210092681651354,True
Region_grp[Languedoc-Roussillon],1.072710746103848,1.0123287735167719,0.9437108532692645,True
Region_grp[Lorraine],1.0327938727312092,0.8717312258750836,0.8440515081386011,True
Region_grp[Midi-Pyrenees],0.8803784086945777,0.8203211883892163,0.9317824929459435,True
"Region_grp[Nord-Est small (Als, Ch-Ard, F-Comte)]",1.1525689253420686,1.0477222258450276,0.9090321652859731,True
Region_grp[Nord-Pas-de-Calais],1.202888508309193,1.0853077319532476,0.9022513096236828,True
Region_grp[PACA + Corse],1.2352508417147652,1.1382812806341758,0.9214980813565146,True
Region_grp[Pays-de-la-Loire],1.0229592629071083,1.042690455620814,1.019288346495473,False
Region_grp[Picardie],1.288565619714285,1.1879535733636715,0.921919345967866,True
Region_grp[Poitou-Charentes],1.092376420742649,1.1317861057242564,1.036077019087262,False
Region_grp[Rhone-Alpes],1.3793457079361524,1.2682062140040344,0.919425932677595,True
VehGas[Diesel],1.1495056702877122,1.1636351276812074,1.0122917683302586,False
