ClaimNb,policies,exposure,mean_exposure,median_drivage,median_bonusmalus,claims,claims_per_policy_year
0,653047,341204.90720188635,0.5224813944507614,44.0,50.0,0,0.0
1,23571,16322.04456246725,0.6924629656131369,45.0,55.0,23571,1.4441205517966673
2,1298,909.143698630137,0.7004188741372396,44.0,62.0,2596,2.85543418923934
3,62,42.37,0.6833870967741935,42.5,64.5,186,4.389898513098891
4,5,1.99,0.398,46.0,64.0,20,10.050251256281408
5,2,1.08,0.54,59.5,50.0,10,9.25925925925926
6,1,0.33,0.33,52.0,50.0,6,18.18181818181818
8,1,0.41,0.41,52.0,50.0,8,19.51219512195122
9,1,0.08,0.08,52.0,50.0,9,112.5
11,2,0.15000000000000002,0.07500000000000001,53.0,50.0,22,146.66666666666666
16,1,0.33,0.33,52.0,50.0,16,48.484848484848484
