exposure_band,policies,exposure,claims,frequency,share_policies,share_exposure
"(0,1d]",3105,8.498914589415374,3,0.3529862511780301,0.004579706810267393,2.370800983661868e-05
"(1d,7d]",10498,92.74654839434089,101,1.0889893127943369,0.015483981350784893,0.00025871963513834044
"(7d,0.05]",35738,1266.02,309,0.24407197358651522,0.052711614165969756,0.003531605630057361
"(0.05,0.1]",78253,6162.75,884,0.14344245669546873,0.1154189362395666,0.017191199662435035
"(0.1,0.25]",95216,17434.63,2139,0.12268685942861993,0.14043844239820294,0.04863449034451823
"(0.25,0.5]",131299,51387.73,4987,0.09704651285433312,0.19365891287642462,0.1433478117121906
"(0.5,0.75]",92491,58572.66,4714,0.08048123476038137,0.13641921500432896,0.16339041707353405
"(0.75,1)",62051,54078.46,4037,0.07465079441981151,0.09152186385954976,0.15085369409711677
1,168116,168116.0,9216,0.05481929144162364,0.2479619935957852,0.46896527077196515
>1,1224,1363.34,54,0.0396086082708642,0.0018053336991198999,0.00380308306320785
