level,factor,policies,exposure,mean_exposure,share_policies_exposure_lt_0_25,frequency_exposure_lt_0_25,frequency_exposure_ge_0_25
18-20,DrivAge_band,5431,2061.738933303391,0.3796241821586064,0.4380408764500092,0.4147184201907413,0.20012118449505534
21-22,DrivAge_band,7799,3250.0631147540985,0.4167281849921911,0.40992434927554816,0.3056853637267106,0.14723985613941923
23-24,DrivAge_band,10889,4678.311368365896,0.42963645590650157,0.39094499035724123,0.24932222592952116,0.11820415138676256
25-26,DrivAge_band,15156,6558.812695561045,0.4327535428583429,0.39001055687516495,0.2055361806930304,0.09076173944789144
27-29,DrivAge_band,31718,13999.439083015195,0.4413720626462953,0.3978182735355319,0.13640235318412453,0.07410438764336987
30-34,DrivAge_band,65574,30983.468919829327,0.47249624729053175,0.37449293927471256,0.12151784150118602,0.06488391069434953
35-44,DrivAge_band,136383,69826.10342390898,0.5119853898499738,0.335188403246739,0.11729358121614618,0.06700815001447659
45-54,DrivAge_band,131113,71781.79794969683,0.5474804020173196,0.2985363770182972,0.14250280235951296,0.07062124931048397
55-64,DrivAge_band,79157,44911.53137210869,0.5673728333831334,0.2820218047677401,0.10768415325914801,0.062219725795337834
65-74,DrivAge_band,40769,25853.326674900814,0.6341417909416668,0.23336358507689667,0.10462995469727193,0.0550146786417299
75+,DrivAge_band,17851,12610.156571599671,0.7064117736597205,0.18038205142569044,0.12704450907494638,0.06250025497819427
50,BonusMalus_band,306761,179975.61309529157,0.5866965262705871,0.2714556283230267,0.10618687690869098,0.04810976865196721
51-55,BonusMalus_band,37676,19638.206652444045,0.5212391616000649,0.3285646034610893,0.12362166935788041,0.06389584267083528
56-60,BonusMalus_band,37890,18661.401774833445,0.4925152223497874,0.3517814726840855,0.12129885366566798,0.07896369877818347
61-65,BonusMalus_band,25444,12165.193131222397,0.47811637836906135,0.3637006759943405,0.12998399491181448,0.13703451926409776
66-70,BonusMalus_band,20179,9048.55207799985,0.448414295951229,0.39204123098270477,0.11609090869859266,0.092657981249239
71-75,BonusMalus_band,18797,8281.44391870649,0.44057264024612924,0.39660584135766347,0.14204122128902325,0.10161976557924604
76-80,BonusMalus_band,30494,12928.526874017516,0.42396953085910394,0.4079163114055224,0.1710476142670521,0.09493112544593099
81-90,BonusMalus_band,28547,12172.535349202784,0.4264033120539035,0.39552317231232703,0.1690865167387674,0.10549573404479778
91-99,BonusMalus_band,14132,5749.899964069167,0.40687092867741065,0.39909425417492217,0.24454234758471577,0.13463434403263957
100-110,BonusMalus_band,17279,5758.040764278763,0.33323923631452995,0.47959951386075583,0.31145965858369756,0.20313514135248156
111+,BonusMalus_band,4641,2135.3365049779177,0.4601026729105619,0.3395819866408102,0.3553770422529912,0.3840536040775053
all,all,541840,286514.75010704395,0.528781097938587,0.3189742359368079,0.13728167205566866,0.06904549180987334
