trial,learning_rate,num_leaves,min_data_in_leaf,feature_fraction,lambda_l2,cv_deviance_mean,cv_deviance_sd,mean_best_iteration,best_iterations,fold_0_deviance,fold_1_deviance,fold_2_deviance,fold_3_deviance,fold_4_deviance
0,0.03,15,200,0.8,0.0,0.23781192288884614,0.0031024400492688804,505.6,"[485, 580, 642, 465, 356]",0.2409357224130758,0.2349454225455838,0.23927889907508315,0.2398555559678619,0.2340440144426262
1,0.03,15,200,0.8,10.0,0.23775199077884826,0.0030948932905262372,521.0,"[510, 553, 649, 513, 380]",0.24089336825196378,0.23486895236239894,0.2392065926096982,0.2397721803125017,0.23401886035767863
2,0.03,15,200,1.0,0.0,0.23785896889342711,0.003105945763998418,494.4,"[506, 512, 638, 452, 364]",0.24096337922074457,0.23500541515728024,0.23932908091459237,0.23992810641550508,0.23406886275901342
3,0.03,15,1000,0.8,0.0,0.23771990229968934,0.0031159697768290365,564.8,"[499, 782, 668, 483, 392]",0.24086415258298705,0.2347883017396894,0.2392271055486406,0.23974145721696763,0.23397849441016205
4,0.03,31,500,0.6,1.0,0.23778533122448361,0.0031317379097654846,424.2,"[411, 401, 478, 401, 430]",0.2409971935411767,0.23483124161374994,0.23921786850750826,0.2398304778903314,0.2340498745696518
5,0.03,31,500,1.0,1.0,0.23790583967394122,0.0030864966032053427,329.0,"[301, 349, 376, 318, 301]",0.24114361279922636,0.23503333252146405,0.23927100800278947,0.23986997642217522,0.2342112686240509
6,0.03,31,1000,1.0,0.0,0.23787181557920406,0.003089701934355782,334.6,"[286, 402, 394, 288, 303]",0.2410572033109562,0.23491946667212246,0.23928877454934508,0.23987108242862534,0.2342225509349714
7,0.03,31,2000,0.6,1.0,0.23780765821593022,0.0031560290741025534,430.6,"[463, 471, 452, 436, 331]",0.24098297485614958,0.23481770595356724,0.2393430384312122,0.23986119689831797,0.23403337494040402
8,0.03,63,200,0.6,0.0,0.23793810838550264,0.0031316066363571275,341.4,"[348, 366, 375, 350, 268]",0.24116659829518897,0.23499076122538942,0.2393186146061689,0.24000827528652,0.23420629251424585
9,0.03,63,200,0.8,10.0,0.23788471927010515,0.003109041479300862,324.6,"[328, 358, 337, 352, 248]",0.241109773551896,0.23494184018979933,0.23926596051581697,0.2399088593233762,0.23419716276963734
10,0.03,63,200,1.0,10.0,0.23802707240374454,0.003061349799129896,267.8,"[252, 299, 288, 289, 211]",0.24124211845712334,0.23513977792947502,0.23937230062513382,0.23998391296997945,0.23439725203701123
11,0.03,63,500,0.6,0.0,0.23793634921396442,0.0031544393917326296,344.6,"[355, 375, 366, 353, 274]",0.24121175848719617,0.23498224537362894,0.23938811776159644,0.2399366260825847,0.2341629983648159
12,0.03,63,2000,0.8,1.0,0.237937250625447,0.0031242200745565966,305.0,"[303, 349, 331, 295, 247]",0.2410434179717331,0.23495818538626725,0.2394621180927061,0.24001214298876608,0.23421038868776248
13,0.05,15,200,0.8,0.0,0.23781271329794446,0.003113410949497769,313.2,"[258, 364, 441, 262, 241]",0.24093766619144497,0.234935832629536,0.23928749996705095,0.2398729632387073,0.23402960446298302
14,0.05,15,200,1.0,10.0,0.23783228365131276,0.0031030900964959572,314.0,"[237, 360, 430, 306, 237]",0.24092742324377578,0.23493829477075193,0.23938038395628072,0.23984167077599763,0.23407364550975776
15,0.05,15,500,0.8,0.0,0.23775582366791342,0.003106343925004779,303.0,"[257, 353, 386, 297, 222]",0.2408990827887516,0.23481915229008074,0.23918912319117247,0.2398250331107827,0.23404672695877948
16,0.05,15,500,1.0,10.0,0.23779487782721764,0.0031026873356944287,285.2,"[320, 293, 298, 289, 226]",0.2409734007862021,0.23487227215100123,0.23924182662532825,0.23979988535187088,0.23408700422168566
17,0.05,63,200,1.0,0.0,0.23812481021265258,0.003055735167998464,162.6,"[153, 158, 218, 165, 119]",0.24125518914654742,0.23529203463107773,0.23952845141202236,0.24011222024577944,0.23443615562783585
18,0.1,15,1000,0.6,0.0,0.2377801226238257,0.0031191620616152025,171.6,"[162, 268, 176, 114, 138]",0.240872558402965,0.23488580268214598,0.23925265104545113,0.23989544235842647,0.23399415863013975
19,0.1,31,200,0.6,1.0,0.23783838488571032,0.0031357613657968975,120.6,"[111, 136, 130, 128, 98]",0.2410501633310348,0.23491523606990003,0.2392310078783055,0.23992341863714528,0.23407209851216595
20,0.1,31,500,0.6,10.0,0.2378161901702595,0.0031352529959019124,124.4,"[111, 153, 149, 109, 100]",0.24096611576532762,0.23489811971672026,0.2392639371098595,0.23992389453175772,0.2340288837276325
21,0.1,63,200,0.8,1.0,0.2379859389942327,0.003092391222317474,84.8,"[89, 98, 82, 83, 72]",0.24112607413957476,0.2352956296579071,0.23926958586357944,0.24011946162577616,0.2341189436843261
22,0.1,63,2000,0.6,0.0,0.23796881106047185,0.0031709043104415097,95.4,"[107, 96, 99, 93, 82]",0.24102803804245163,0.2349612595963506,0.2395531912211065,0.24014792364689083,0.23415364279555967
23,0.1,63,2000,1.0,10.0,0.23795114891694133,0.0030926261240428916,80.0,"[74, 85, 90, 81, 70]",0.2410613970728932,0.23509042928114648,0.2394384366399957,0.23997062019411047,0.2341948613965608
