term,coef,se,relativity,rel_lower_95,rel_upper_95
Intercept,-2.9050503924049544,0.03439223845146356,0.054746031747776744,0.051177364662915885,0.05856354683109262
DrivAge_band[18-20],0.038809592446749405,0.052175874753330534,1.0395725223436858,0.9385180006250768,1.1515080461879605
DrivAge_band[21-22],-0.20952253087983097,0.04870813515890274,0.810971367328826,0.7371316880510307,0.8922076872940724
DrivAge_band[23-24],-0.3502448017983676,0.04533376126478833,0.704515601920585,0.6446180287083533,0.7699788265991644
DrivAge_band[25-26],-0.5127808089535638,0.04304613026262974,0.5988280349651384,0.5503781596921761,0.6515429603179921
DrivAge_band[27-29],-0.6288880689334472,0.03458907713479666,0.5331843357440689,0.49823600211853786,0.5705840900176622
DrivAge_band[30-34],-0.5348254207504477,0.02677532866629064,0.5857715447754618,0.5558237115246654,0.6173329700660026
DrivAge_band[35-44],-0.23059177203967457,0.020038486355113634,0.7940635588258607,0.763481424823014,0.8258706956771853
DrivAge_band[55-64],-0.10950031810044751,0.02307072333239045,0.8962818792543967,0.856656630731328,0.9377400212194674
DrivAge_band[65-74],-0.14688680555660644,0.029620485320692034,0.8633917030284719,0.8146946569507794,0.914999535713712
DrivAge_band[75+],-0.001675704281470666,0.038097955581117796,0.9983256989270518,0.9264952824145183,1.0757250684977355
VehAge_band[0],-0.06387518587893769,0.036172191341535244,0.9381220831069877,0.8739156850713408,1.0070457114420033
VehAge_band[1],-0.028894029585635445,0.027642964692126314,0.9715194113264293,0.9202837387456383,1.0256075673688796
VehAge_band[5-7],0.011913061156836336,0.021884641778710547,1.0119843042967795,0.9694949157182245,1.0563358461600085
VehAge_band[8-10],-0.05593631060413996,0.022518266387507764,0.9455993586244775,0.9047729038736152,0.9882680429562525
VehAge_band[11-13],-0.1408370794196282,0.02429632349966873,0.8686308180072084,0.8282361181215712,0.9109956466316785
VehAge_band[14-16],-0.2817652023604774,0.02843693199545133,0.7544508070069269,0.7135515716194099,0.7976942982573906
VehAge_band[17-19],-0.38532301358628507,0.04287806241351157,0.6802308768988288,0.6254008519922362,0.7398679493520961
VehAge_band[20+],-0.5222086036771169,0.0646592912027744,0.5932089366497808,0.5226002300460532,0.6733576112091519
VehPower_band[4],-0.1009650294593446,0.024143596004945707,0.9039646444654742,0.862184832813479,0.9477690250906674
VehPower_band[5],-0.03609762716619693,0.021602585747095702,0.9645461229817452,0.9245594573865354,1.0062621889012382
VehPower_band[7],0.0012736015767900906,0.021115111852186973,1.001274412951698,0.9606825503720196,1.0435814095338096
VehPower_band[8],0.027511704160206,0.03184687450363192,1.0278936456687524,0.9656951996352254,1.0940981659692393
VehPower_band[9],0.15353382292187168,0.0360629514136732,1.1659472221970066,1.0863807265143055,1.251341165919529
VehPower_band[10],0.14780221876454783,0.0361498400706023,1.1592835891468882,1.07998789655443,1.2444013903794322
VehPower_band[11],0.24709766600622335,0.04523149021366498,1.2803041488652538,1.1716881524486142,1.3989888949342006
VehPower_band[12+],0.1810737244289127,0.04939481054349526,1.1985035350248412,1.087913536057574,1.3203353721219107
BonusMalus_band[51-55],0.3807623525477121,0.029918682510629357,1.4633997908507692,1.3800542532725977,1.5517788107124972
BonusMalus_band[56-60],0.6089605502816343,0.028520061405236653,1.8385193567904135,1.7385688192321596,1.9442160631788412
BonusMalus_band[61-65],1.093474100527061,0.027427239601154715,2.9846249693033555,2.8284184354736963,3.1494584025001835
BonusMalus_band[66-70],0.7686943317356661,0.03664939734134579,2.15694815567995,2.0074451278508367,2.317585313662849
BonusMalus_band[71-75],0.9068613746652464,0.036661272308135706,2.4765373994420745,2.30482926313821,2.6610376694386537
BonusMalus_band[76-80],0.889444509286017,0.03134875865586195,2.4337773350155785,2.2887414271685573,2.588004064645833
BonusMalus_band[81-90],0.9657228735683788,0.03153491545784253,2.6266857320457255,2.469252751263075,2.794156220501672
BonusMalus_band[91-99],1.205056729166919,0.03876449180124031,3.336948374999401,3.0928089440365936,3.6003596274129865
BonusMalus_band[100-110],1.6111044775722683,0.033627692943887864,5.008339773148166,4.6888877955026285,5.349555881323662
BonusMalus_band[111+],2.1370123367228455,0.039225259437096455,8.474082067006972,7.847007437363134,9.151267849760039
LogDensity_band[0-2.5],-0.22586367877126717,0.056424226440168854,0.7978268549900007,0.7142993616815758,0.8911217406729118
LogDensity_band[2.5-3.5],-0.1530158514246897,0.032548148892981896,0.8581161193405441,0.8050836845383311,0.9146419042069355
LogDensity_band[3.5-4.5],-0.07222169378930929,0.02594404719582166,0.9303246257560839,0.884200800805861,0.9788544734401696
LogDensity_band[5.5-6.5],0.04115080645784267,0.02411755501316094,1.0420092354189148,0.9938999485607675,1.0924472310020712
LogDensity_band[6.5-7.5],0.15775766181027304,0.02357653597275192,1.1708824107994027,1.1180079665504283,1.2262574694789379
LogDensity_band[7.5-8.5],0.21662410439253646,0.024125851253857838,1.2418771982058785,1.1845208002654704,1.3020108849739382
LogDensity_band[8.5-9.5],0.17888113643718365,0.03658564010675824,1.1958785893297121,1.1131285891825156,1.2847802260361583
LogDensity_band[9.5+],0.2629674369120404,0.05393325992320199,1.3007843607065162,1.1703000745424288,1.4458171795983388
VehBrand_grp[B2],-0.01007645561135571,0.01926431085708875,0.989974141777431,0.953292200516793,1.0280675755625222
VehBrand_grp[B3],0.013844644114545787,0.027016475815380414,1.0139409250116944,0.9616481194067572,1.0690773253399517
VehBrand_grp[B4],0.001254572058015009,0.03682773153788671,1.0012553593627485,0.9315303986496384,1.0761992266767513
VehBrand_grp[B5],0.04199368144934855,0.031374903986948706,1.0428878891899933,0.9806888948125985,1.1090317787548662
VehBrand_grp[B6],0.022694350224018587,0.034697914274023016,1.0229538261514597,0.9556989588784557,1.0949415825103928
VehBrand_grp[B10],0.013971433273409785,0.04460520702802531,1.0140694898788578,0.9291796619500422,1.106714850113084
VehBrand_grp[B11],0.14954470300575307,0.04740021735003674,1.1613053834929017,1.0582768626641226,1.274364243714573
VehBrand_grp[B12],-0.26956942769457537,0.025136118676594287,0.7637082551782213,0.7269952646549704,0.8022752380707345
VehBrand_grp[B13],-0.0010657965141069345,0.05072967789752043,0.9989347712452745,0.9043904138067128,1.103362731370254
Region_grp[Aquitaine],0.06998867477733298,0.03784192561755034,1.0724960349290316,0.9958285880711115,1.155066001033861
Region_grp[Auvergne + Limousin],0.1369584697892895,0.06425221015511051,1.1467805214947284,1.011087467334387,1.3006842701223884
Region_grp[Basse-Normandie],0.008448810710133542,0.05390040132165571,1.0084846026400787,0.9073799259204709,1.1208548533078941
Region_grp[Bourgogne],0.029817401897957507,0.062079934757320314,1.0302663920890722,0.912235558536882,1.1635688049374795
Region_grp[Bretagne],0.005344844167739946,0.030225242550534936,1.0053591533293829,0.9475310779129861,1.0667164916737355
Region_grp[Haute-Normandie],-0.0070087010173841575,0.0762141604946516,0.9930158026478839,0.8552292556715494,1.1530012306865296
Region_grp[Ile-de-France],0.037500337097566463,0.033242424213624784,1.0382123470606217,0.9727252438251246,1.1081082602014858
Region_grp[Languedoc-Roussillon],-0.038569213862654765,0.039123555671972975,0.9621651072715242,0.8911433534586222,1.0388471058644426
Region_grp[Lorraine],-0.08193020906128508,0.05444760181331217,0.9213362573748642,0.8280799695653177,1.0250948342575086
Region_grp[Midi-Pyrenees],-0.22917566347878643,0.0602136457398468,0.7951888355983897,0.7066694647029366,0.8947963876239285
"Region_grp[Nord-Est small (Als, Ch-Ard, F-Comte)]",0.022667694351311617,0.0789316860238965,1.0229265587879042,0.8763098263801072,1.1940739601153203
Region_grp[Nord-Pas-de-Calais],0.05406543367184183,0.04014632927638602,1.055553668647784,0.9756806725958614,1.1419653772903096
Region_grp[PACA + Corse],0.09976913865931208,0.026582177120292087,1.1049158062846696,1.0488234675878587,1.1640080306225917
Region_grp[Pays-de-la-Loire],0.03133788625760679,0.03203736504451624,1.031834087550705,0.9690353417238787,1.0987025327038806
Region_grp[Picardie],0.11977940230678152,0.06615052968088614,1.1272481558066716,0.9901753271264417,1.2832963718225225
Region_grp[Poitou-Charentes],0.09955004926461394,0.04149071026790952,1.104673757465611,1.0183969276807123,1.1982598113412428
Region_grp[Rhone-Alpes],0.20303181630953632,0.024134011078009904,1.2251114461524166,1.1685106904186298,1.2844538503588314
VehGas[Diesel],0.1437370575478947,0.01506973477957292,1.1545804803856337,1.1209773291626202,1.189190941696676
