factor,level,exposure,mean_change,share_exposure_change_gt_10pct,holdout_claims,holdout_observed_over_current,holdout_observed_over_proposed
DrivAge_band,18-20,2584.5428385358186,-0.03619414308876473,0.6120393869224741,148,1.6311178048714154,1.6280380586272638
DrivAge_band,21-22,4042.7744943483794,-0.04120573820428828,0.610006101259285,120,0.8276702779680091,0.8231261794071074
DrivAge_band,23-24,5859.783751777828,-0.04385445984642728,0.5617327166174704,126,0.5550044683765493,0.5595015600552131
DrivAge_band,25-26,8192.402685081219,-0.03547412417074779,0.5086070965312771,178,0.8990483465789885,0.8970284473180015
DrivAge_band,27-29,17582.957894303465,-0.0473712457893702,0.7337361996825066,277,0.8755963382183902,0.8708403489303591
DrivAge_band,30-34,38795.98385732465,0.018234359772504805,0.3598682377044076,569,1.0326071069615512,1.0329610445119928
DrivAge_band,35-44,87345.04251665543,0.025390276975650578,0.28671951133348056,1267,0.9913457142430954,0.9942814211741127
DrivAge_band,45-54,89809.57648252114,0.02061909645160373,0.2219986999424154,1389,1.131265315095153,1.1306214544963722
DrivAge_band,55-64,56154.931111610145,-0.027780212255541316,0.5606002558500274,697,0.8648126194116934,0.8629833809149937
DrivAge_band,65-74,32195.950967886816,-0.025966809538092762,0.64571100815803,397,1.1277660539400032,1.1263208968913592
DrivAge_band,75+,15779.548862938842,-0.029489775834736966,0.6799135342322176,181,0.907414004458263,0.903918035523014
VehAge_band,0,16696.328728946777,0.044013649315173556,0.5903078733635279,239,1.0584586950094743,1.059280649034713
VehAge_band,1,32738.007618833744,0.03373693541269855,0.5492744333967429,450,0.9534245155651484,0.9573888974916571
VehAge_band,2-4,79524.74757616589,0.012832677688894355,0.45153882140062307,1161,1.0138854769180445,1.013131069395378
VehAge_band,5-7,62220.13245302792,-0.00392209939819091,0.38438359956058016,991,0.9951588732745744,0.9906161454748872
VehAge_band,8-10,58941.53910771765,-0.01129485310708413,0.35289065282000215,907,0.908340463282374,0.9110634207030299
VehAge_band,11-13,50849.98413279437,-0.014613294813478919,0.3395683812176453,863,1.0620011063698733,1.0625038877905113
VehAge_band,14-16,35926.809868253615,-0.014143427193873036,0.3501227623491756,517,1.2201566783732745,1.2170123088924811
VehAge_band,17-19,14302.26032936597,-0.020388269860405654,0.3673479441951213,160,0.9226672022450507,0.9242931068946866
VehAge_band,20+,7143.685647877835,-0.018528760660217875,0.38998303552397573,61,0.8011281265946942,0.798288121649243
VehPower_band,4,60051.3973036904,0.008702561368526152,0.4678095303667542,841,1.15049975196852,1.144645500712463
VehPower_band,5,68143.59882101955,-0.004912970166712977,0.4034538857197382,1050,0.9446415833305154,0.9446263680165019
VehPower_band,6,82493.82017216858,-0.008125820424783117,0.3849318756567289,1276,1.0178363932694208,1.0218618730575564
VehPower_band,7,77917.72670035184,-0.001731580472559457,0.4019024800229606,1109,0.9522321992391674,0.9496845101299907
VehPower_band,8,22672.296305112657,0.010631440562196302,0.4048371585217223,336,0.9720776469551818,0.9744807458610565
VehPower_band,9,15338.543655962274,0.003148079377345007,0.36486393406169176,231,1.0653259407605347,1.0599807694142522
VehPower_band,10,15366.500824163486,0.021119812974519783,0.4207454976485792,241,0.9766326094857577,0.9779934949261074
VehPower_band,11,8491.308451979938,0.01806371828350024,0.3936226279427684,142,0.9153569193627155,0.9141232966416281
VehPower_band,12+,7868.303228535071,0.015899896362242465,0.3953259463819826,123,1.179605461755424,1.1890869530975228
BonusMalus_band,50,225142.01090276218,0.0002016878287874355,0.3648920784650369,2371,1.0335124500835244,1.0331520421603964
BonusMalus_band,51-55,24529.77731417022,-0.006366080142208147,0.31534337620747455,305,0.9063482496117089,0.9048678883753245
BonusMalus_band,56-60,23426.419699079273,-0.010105859722738676,0.2943787553138787,401,0.9366192184916137,0.9353204216025133
BonusMalus_band,61-65,15187.069643685903,-0.10915591651408658,0.678674920853149,395,0.8849930937345672,0.9849884682650266
BonusMalus_band,66-70,11296.053855827533,0.18210619593347013,0.7913270919163844,203,1.079933856920253,0.9101068032879811
BonusMalus_band,71-75,10387.686784938993,0.0044901566342685955,0.2821390663382615,266,1.231241365539233,1.2179990035132433
BonusMalus_band,76-80,16167.046509469274,-0.006178789070872553,0.4091343941008671,331,1.1663339436300535,1.1731202041967983
BonusMalus_band,81-90,15242.58947825436,0.007057088349836758,0.5453856639992963,358,0.906644061315233,0.903972150144211
BonusMalus_band,91-99,7153.608915337974,0.009631472792292496,0.716512295343419,224,1.0432956784996124,1.0446949927327447
BonusMalus_band,100-110,7161.2764473388725,0.006718157301122628,0.756134734196146,324,1.0654180826646307,1.0648834323894991
BonusMalus_band,111+,2649.955912119171,0.01953216615554703,0.7244209938952263,171,0.7529458381689205,0.7498559524733004
LogDensity_band,0-2.5,9031.948992439553,-0.015257672129365494,0.4528412970050495,102,1.1029018189837505,1.1051581856920059
LogDensity_band,2.5-3.5,32587.56335803578,-0.015006153650176076,0.430464683021874,301,0.8146703671716389,0.8120061749680165
LogDensity_band,3.5-4.5,55304.81132120668,-0.01306527159280427,0.4121518049186742,703,1.1880337665143121,1.1880152389179937
LogDensity_band,4.5-5.5,66698.71672206002,-0.005287707915165713,0.40073068150440794,909,0.9498464710459494,0.9479477702046873
LogDensity_band,5.5-6.5,61022.99202560072,-1.3517020768949045e-07,0.3958390098798392,889,0.9821989036507686,0.9818817778156658
LogDensity_band,6.5-7.5,58075.96870050154,0.0029418068123866557,0.3750177712343361,985,1.0279866278144272,1.02837657810827
LogDensity_band,7.5-8.5,52796.39380941687,0.01430928119690003,0.39467603778576804,1044,1.0422519193788464,1.0430097646057066
LogDensity_band,8.5-9.5,15738.378591960474,0.04127088845256922,0.4715398397324152,296,1.0221770582831804,1.022509896064459
LogDensity_band,9.5+,7086.721941762108,0.05660404723192428,0.6371119818994871,120,0.6740572959793594,0.6764060863119444
VehBrand_grp,B1,95310.47957781272,-0.017179072296135883,0.3511948994460935,1343,0.9914082883443472,0.9923342182170257
VehBrand_grp,B2,94818.5071008309,-0.019453950238896553,0.3702722180250852,1370,0.9744320739245478,0.9732178220284712
VehBrand_grp,B3,28574.716331312222,-0.012011036461622094,0.3056955118151179,540,1.1746491817522102,1.1759144438955202
VehBrand_grp,B4,13770.056079796392,-0.008914448857490325,0.31860453312037684,229,0.8561288803774963,0.8519266596771867
VehBrand_grp,B5,19982.602694812485,-0.01251801254199219,0.3209474897397219,370,1.0573398690020042,1.0552069229665444
VehBrand_grp,B6,15675.093599071786,-0.009557517749075746,0.29253191969579584,253,0.9042588231770723,0.8995286530665716
VehBrand_grp,B10,9489.844123063103,-0.01054738188498596,0.31871536701858144,146,1.0718928890900947,1.071142075011831
VehBrand_grp,B11,6883.077278987948,-0.009926677899970355,0.3103030810583735,139,1.184133925284711,1.178708016896141
VehBrand_grp,B12,67071.6764615615,0.07245892565058447,0.6928082476722167,847,0.9879134819068327,0.9911433813747114
VehBrand_grp,B13,6767.442215734711,-0.010158080960236801,0.2981918194936123,112,1.1627531538826226,1.15742043116504
Region_grp,Aquitaine,14316.166692117673,0.03069579118807538,0.3382820624257447,213,1.0194187764991407,1.02030210936661
Region_grp,Auvergne + Limousin,4718.008770866083,-0.009637588006759703,0.36034889241220835,80,1.0734435613253634,1.070066232027769
Region_grp,Basse-Normandie,6652.55114230107,-0.02644645613375425,0.4163126323546052,79,0.62971722427071,0.6290213246125858
Region_grp,Bourgogne,5022.728609177334,-0.03228333064651932,0.3863786899120854,69,0.8218698931519886,0.8146610145340621
Region_grp,Bretagne,27751.773674676246,-0.0322320002556126,0.43306812922570187,387,0.9836548646846699,0.9788860615964405
Region_grp,Centre,102701.39338573246,-0.03730084463106012,0.4388022609976778,1323,1.0134402873846944,1.0118544482218534
Region_grp,Haute-Normandie,3176.8821813009954,0.026859077404615482,0.338514453431602,40,0.6724570133249366,0.6764739242379938
Region_grp,Ile-de-France,30196.651954487614,0.055378497782340094,0.5884972767248889,475,0.7963871747283219,0.7954918954939427
Region_grp,Languedoc-Roussillon,14710.624176959353,0.03551871878048047,0.37981985755443964,241,1.3336566229402833,1.3425465708121107
Region_grp,Lorraine,8112.4879721536045,0.022450701779332408,0.2397818230551181,95,1.0971640135715295,1.0983562091440118
Region_grp,Midi-Pyrenees,7014.428554532526,0.04090980908291023,0.42859099890554786,70,0.8490614919961996,0.8526564930329309
Region_grp,"Nord-Est small (Als, Ch-Ard, F-Comte)",2975.800278463957,0.04639673101767757,0.45759818092496946,39,0.724621424209363,0.7359064799679053
Region_grp,Nord-Pas-de-Calais,11487.074269032113,0.034386260175390974,0.446613899853862,186,0.9093359102920145,0.9114424367799869
Region_grp,PACA + Corse,37514.91641440228,0.035278282429679834,0.368710687563641,674,1.3073296585199372,1.3083193843414596
Region_grp,Pays-de-la-Loire,21927.441164757838,-0.032079933212687435,0.3612281392685501,322,0.9415376327750293,0.9406237188672966
Region_grp,Picardie,3572.8402208249117,0.04450045999194276,0.4993451010902423,70,1.1950931606171846,1.2102645171817938
Region_grp,Poitou-Charentes,11163.008715472715,-0.03586485721581073,0.41558429949463654,137,0.8203652799480055,0.8131718964971076
Region_grp,Rhone-Alpes,45328.71728572498,0.028314855329654703,0.3079313473843194,849,1.005531694893162,1.0069040121174455
VehGas,Diesel,170580.63312673103,-0.0010734092892975492,0.3824891255849923,2766,1.0092987772579975,1.0107943352729047
VehGas,Regular,187762.86233625273,0.002439348795886229,0.4319457906234704,2583,1.006068899736636,1.004010262888153
