segment,exposure,policies,mean_change,holdout_observed_over_current,holdout_claims
BonusMalus_band=100-110 & VehBrand_grp=B12,1705.1549337525264,5201,-0.31644724344101227,0.40081737789136557,32
DrivAge_band=27-29 & BonusMalus_band=51-55,1391.906644958455,2165,-0.2913763704535217,0.4618139608683045,10
BonusMalus_band=91-99 & VehBrand_grp=B12,1277.0828939291864,3478,-0.28566085356348153,0.9185162250688077,20
BonusMalus_band=100-110 & Region_grp=Centre,1569.0570948424283,4645,0.25208927467047915,1.4941324703780374,92
BonusMalus_band=81-90 & VehBrand_grp=B12,2840.7609880979116,7807,-0.21866181956401892,1.0184425754628572,50
DrivAge_band=55-64 & BonusMalus_band=61-65,1501.8069511190956,2878,0.21481544186729856,1.0319854976271279,52
DrivAge_band=25-26 & VehBrand_grp=B12,1399.4975065498916,4028,-0.20752113586638052,0.8413835845598542,30
DrivAge_band=27-29 & BonusMalus_band=56-60,2960.6899446066323,5654,-0.2010623614309415,0.7333593327974762,28
BonusMalus_band=76-80 & VehBrand_grp=B12,3248.9379991017295,9113,-0.1819809034683712,0.7978441181395126,52
BonusMalus_band=91-99 & Region_grp=Centre,1846.2411752376674,4250,0.1805854405363745,1.058457707626785,63
