level,exposure,claims,frequency,ae_vs_overall
4,48073.86619956583,3124,0.06498333183837446,0.8842459670780286
5,54475.20256680889,4065,0.07462110847618504,1.0153898293961234
6,65900.01616213788,5029,0.07631257612481977,1.0384060922505465
7,62215.213908226666,4483,0.07205633025087481,0.9804901907038387
8,18207.264228609925,1309,0.07189438147127601,0.9782865093722994
9,12266.765531851186,989,0.08062435019500608,1.0970775811486022
10,12299.483193352797,976,0.079352927652072,1.0797769869156415
11,6780.691348903361,572,0.08435717990504159,1.1478712158162965
12,3024.805204730893,239,0.07901335253794071,1.075156295475297
13,1310.2479549367467,113,0.08624321799109785,1.1735350518211778
14,953.8603211318213,79,0.08282135051624857,1.1269727653253636
15,1007.3334867879332,78,0.07743215233389812,1.0536404718938726
