age_group,BonusMalus_band,BonusMalus,multiplier,lower_95,upper_95
<30,50,50,1.0,1.0,1.0
<30,51-55,53,1.0542894584245712,1.041330444418922,1.0674097430863303
<30,56-60,58,1.1441484013907792,1.1086662383405081,1.1807661486693664
<30,61-65,63,1.2332911381857796,1.174252389629418,1.2952982212006314
<30,66-70,68,1.3217796878042438,1.2382683192722241,1.4109232352150627
<30,71-75,72,1.3921350456661599,1.288451640760892,1.5041619910759056
<30,76-80,78,1.4969966313440668,1.3621632076249168,1.6451765116772716
<30,81-90,87,1.652908951625507,1.4695728888836859,1.8591170421217365
<30,91-99,95,1.7902410791571233,1.5622288365568469,2.051532430143462
<30,100-110,101,1.8925332514433104,1.6301634024745844,2.1971307308099317
<30,111+,121,2.2296333187715165,1.8482754028871609,2.689677484432545
30-54,50,50,1.0,1.0,1.0
30-54,51-55,53,1.0,1.0,1.0
30-54,56-60,58,1.0,1.0,1.0
30-54,61-65,63,1.0,1.0,1.0
30-54,66-70,68,1.0,1.0,1.0
30-54,71-75,72,1.0,1.0,1.0
30-54,76-80,78,1.0,1.0,1.0
30-54,81-90,87,1.0,1.0,1.0
30-54,91-99,95,1.0,1.0,1.0
30-54,100-110,101,1.0,1.0,1.0
30-54,111+,121,1.0,1.0,1.0
55+,50,50,1.0,1.0,1.0
55+,51-55,53,1.3352327686019945,1.2469687634977877,1.4297443516929849
55+,56-60,58,1.3352327686019945,1.2469687634977877,1.4297443516929849
55+,61-65,63,1.3352327686019945,1.2469687634977877,1.4297443516929849
55+,66-70,68,1.3352327686019945,1.2469687634977877,1.4297443516929849
55+,71-75,72,1.3352327686019945,1.2469687634977877,1.4297443516929849
55+,76-80,78,1.3352327686019945,1.2469687634977877,1.4297443516929849
55+,81-90,87,1.3352327686019945,1.2469687634977877,1.4297443516929849
55+,91-99,95,1.3352327686019945,1.2469687634977877,1.4297443516929849
55+,100-110,101,1.3352327686019945,1.2469687634977877,1.4297443516929849
55+,111+,121,1.3352327686019945,1.2469687634977877,1.4297443516929849
