slope_group,BonusMalus_band,BonusMalus,multiplier,lower_95,upper_95
1,50,50,1.0,1.0,1.0
1,51-55,53,0.969082661629196,0.9633008626002744,0.9748991634195379
1,56-60,58,0.9231215470265911,0.9091575501564426,0.9373000207039287
1,61-80,70,0.8341438329209175,0.8058121548622448,0.8634716289666136
1,81-90,87,0.7419087017567644,0.7008844411357376,0.7853341998154132
1,91-99,95,0.7075536125679337,0.6624174698483507,0.7557652650262152
1,100-110,101,0.6845794769555155,0.6368904683278774,0.7358393374909515
1,111+,121,0.6210604941438386,0.5671744312741128,0.6800661597521382
2,50,50,1.0,1.0,1.0
2,51-55,53,1.0,1.0,1.0
2,56-60,58,1.0,1.0,1.0
2,61-80,70,1.0,1.0,1.0
2,81-90,87,1.0,1.0,1.0
2,91-99,95,1.0,1.0,1.0
2,100-110,101,1.0,1.0,1.0
2,111+,121,1.0,1.0,1.0
