factor,level,is_base,exposure,claims,observed_frequency,freq_relativity,freq_lower_95,freq_upper_95,sev_relativity,sev_lower_95,sev_upper_95,combined_relativity,combined_lower_95,combined_upper_95,effective_relativity
BonusMalus_band,50,True,179975.61309529157,9182,0.05101802317594224,1.0,1.0,1.0,1.0,1.0,1.0,1.0,1.0,1.0,1.0
BonusMalus_band,51-55,False,19638.206652444045,1335,0.06797973071710468,1.3784704291062688,1.2955606805221374,1.466686008990802,1.0448529904703123,1.0006483543631886,1.0910104103349294,1.4402989501265795,1.335416386639884,1.5534189085064285,1.3922300494902897
BonusMalus_band,56-60,False,18661.401774833445,1535,0.08225534279370608,1.825167663851963,1.719256228612956,1.9376035670136111,1.0448529904703123,1.0006483543631886,1.0910104103349294,1.9070318916854372,1.7714101967666944,2.053036977287041,1.684595669333854
BonusMalus_band,61-65,False,12165.193131222397,1660,0.13645488255665678,3.0364011521295993,2.8612477174876916,3.2222767362307625,1.0448529904703123,1.0006483543631886,1.0910104103349294,3.1725928240701133,2.947839279739164,3.414482362224238,2.794606361205217
BonusMalus_band,66-70,False,9048.55207799985,858,0.09482180050508787,2.28670448011094,2.1179692188694195,2.4688826130111163,1.0448529904703123,1.0006483543631886,1.0910104103349294,2.3892700143657764,2.1879938313224594,2.6090618354701025,1.9419576779338066
BonusMalus_band,71-75,False,8281.44391870649,874,0.10553715132040806,2.700796424187778,2.4996507747445427,2.9181281635835497,1.0448529904703123,1.0006483543631886,1.0910104103349294,2.821935220464126,2.5825396713352715,3.083522192082562,2.1614088766742037
BonusMalus_band,76-80,False,12928.526874017516,1327,0.1026412377010156,2.738453300274464,2.5546581138467213,2.9354716535795715,1.0448529904703123,1.0006483543631886,1.0910104103349294,2.86128112005507,2.636477936746543,3.1052524786482376,2.102100345747139
BonusMalus_band,81-90,False,12172.535349202784,1362,0.11189123390709245,3.003606053254424,2.7929249708626274,3.230179620743688,1.0448529904703123,1.0006483543631886,1.0910104103349294,3.1383267669376167,2.8837397036365022,3.4153897051308215,2.2915409707676573
BonusMalus_band,91-99,False,5749.899964069167,842,0.1464373302599376,3.8446224243800367,3.520393112317796,4.1987133579846345,1.0448529904703123,1.0006483543631886,1.0910104103349294,4.017065237342703,3.6415709829718304,4.4312779282688,2.9990476485326543
BonusMalus_band,100-110,False,5758.040764278763,1266,0.21986645316127348,5.9181459741041715,5.441520442129127,6.436519377863672,1.1590006892314757,1.0781978454246801,1.2458591002933639,6.859135262959218,6.139845255174798,7.662690931162758,4.994810752937437
BonusMalus_band,111+,False,2135.3365049779177,815,0.38167286425350944,9.239565595516611,8.331241191930848,10.246921248245481,1.1590006892314757,1.0781978454246801,1.2458591002933639,10.708662893403181,9.438851840963354,12.149301938067724,8.67064392530477
