BonusMalus_band,BonusMalus,multiplier,lower_95,upper_95
50,50,1.0,1.0,1.0
51-55,53,0.9681724512178793,0.9618632960312447,0.9745229900806905
56-60,58,0.9173616677163994,0.9015066622184295,0.9334955188512082
61-65,63,0.8692174915086787,0.8449373891046297,0.8941953064064022
66-70,68,0.8235999760328041,0.7919178209400412,0.8565496350568846
71-75,72,0.7888358140003616,0.7519077938587009,0.8275774590076254
76-80,78,0.7394214783464617,0.695650804819535,0.785946223093787
81-90,87,0.6710428051193422,0.6190580138750547,0.7273929683645448
91-99,95,0.6155889468133706,0.5580849238080707,0.6790180764121813
100-110,101,0.5770271595532239,0.5163295680343623,0.6448601115942733
111+,121,0.46510148655438205,0.39842753759727473,0.5429328356659644
