step,factor,cv_deviance_mean,improvement_mean,improvement_sd,folds_improved,relative_improvement,share_levels_ci_excludes_1,passes_cv,passes
1,DrivAge_band,1.0378497306549472,0.00019593949743328397,0.003909452042597621,2,0.00018875807015747285,0.3,False,False
1,VehAge_band,1.036989929430093,0.0010557407222873349,0.004696665501858413,3,0.001017046506376118,0.5,False,False
1,VehPower_band,1.0395724251688079,-0.0015267550164273392,0.0010945499915790517,0,-0.0014707975384196904,0.0,False,False
1,BonusMalus_band,1.0363708192901906,0.001674850862189725,0.0008754409722864166,5,0.001613465486488532,0.3,True,False
1,LogDensity_band,1.0386754601610437,-0.0006297900086630559,0.0019109415138355312,2,-0.000606707418345674,0.125,False,False
1,VehBrand_grp,1.0404035759984605,-0.0023579058460798884,0.00448315407404305,2,-0.0022714856522004067,0.1111111111111111,False,False
1,Region_grp,1.0371567957052361,0.000888874447144361,0.004647087282523626,2,0.0008562960886045391,0.11764705882352941,False,False
1,VehGas,1.038154088678685,-0.00010841852630454341,0.0001398717254372509,1,-0.00010444485191930721,0.0,False,False
1,BonusMalus_sev3,1.0362389066622382,0.0018067634901423268,0.0007783352907020876,5,0.0017405433518903862,1.0,True,True
2,DrivAge_band,1.0372824491575077,-0.0010435424952696115,0.0028870430487712736,2,-0.0010070481706104806,0.2,False,False
2,VehAge_band,1.0343084831693115,0.0019304234929269138,0.004870806137775911,3,0.001862913542925034,0.625,False,False
2,VehPower_band,1.0375891143561753,-0.001350207693937322,0.0014492092327682824,1,-0.00130298880427718,0.0,False,False
2,LogDensity_band,1.0370027035175775,-0.0007637968553393382,0.0017815970678779804,2,-0.0007370856763133461,0.125,False,False
2,VehBrand_grp,1.0383107832108631,-0.002071876548624929,0.004822112314990947,2,-0.0019994197624739994,0.1111111111111111,False,False
2,Region_grp,1.034961683164524,0.001277223497713953,0.0048201584199632115,3,0.0012325569803472586,0.11764705882352941,False,False
2,VehGas,1.036332989517123,-9.408285488481383e-05,0.00015986843682110687,1,-9.079262926718126e-05,0.0,False,False
