decile,obs,pred,w,fixed,observed_mean_severity,predicted_mean_severity,ae,share_single_fixed_amount_claims
1,3381851.7399999998,3233634.0015998767,2107,731,1605.055405790223,1534.7100149975684,1.0458362753257762,0.3469387755102041
2,3208863.5,3262129.0685948613,2107,626,1522.953725676317,1548.2340145205796,0.9836715324639791,0.2971048884670147
3,3239162.54,3271766.1549370987,2107,691,1537.3339060275273,1552.8078571130036,0.9900348578128361,0.32795443758898907
4,3248113.11,3285846.719716208,2107,691,1541.5819221642143,1559.4906121102078,0.98851632077364,0.32795443758898907
5,3434193.63,3346028.7156230034,2107,725,1629.8973089700996,1588.0534957869024,1.0263491206651467,0.3440911248220218
6,3494960.9,3379733.6203231895,2107,734,1658.7379686758425,1604.0501282976695,1.0340935980823813,0.3483626008542952
7,3460181.66,3406803.2237591757,2107,719,1642.2314475557666,1616.8975907732206,1.0156681888371366,0.3412434741338396
8,3317396.28,3434704.0153719606,2107,700,1574.464299952539,1630.1395421793834,0.9658463335277357,0.33222591362126247
9,3266095.4899999998,3448649.1100212177,2107,681,1550.116511627907,1636.758001908504,0.9470651799596699,0.32320835310868534
10,3796310.11,3781949.2865865524,2108,836,1800.906124288425,1794.0935894623115,1.0037972014760699,0.396584440227704
