feature_1,feature_2,mean_abs_interaction,sd_interaction,rank,mean_abs_main_effect_1,mean_abs_main_effect_2,friedman_h2
DrivAge,BonusMalus,0.07529860918105066,0.10065815332604007,1,0.15032326416061792,0.37183955631153237,0.047271787304049115
BonusMalus,VehBrand,0.046719815570821936,0.06325907149331318,2,0.37183955631153237,0.07045318073083133,0.021655060266585383
BonusMalus,Region,0.045823236014450555,0.051638600554020544,3,0.37183955631153237,0.07165167595995352,0.011026823577007539
BonusMalus,LogDensity,0.03555613308878232,0.04241086416951633,4,0.37183955631153237,0.112383538600597,0.0062514383115608385
DrivAge,LogDensity,0.02245994630901483,0.029121794446500506,5,0.15032326416061792,0.112383538600597,0.021536329835574713
VehAge,VehBrand,0.0219660179092142,0.026138760560934712,6,0.09453055902142286,0.07045318073083133,0.04471665153757829
DrivAge,VehPower,0.01637386917184912,0.021773996238273443,7,0.15032326416061792,0.0419935582542856,0.014347787309639273
DrivAge,Region,0.01576866276642956,0.019600722900018415,8,0.15032326416061792,0.07165167595995352,0.010820034488836916
VehAge,BonusMalus,0.015659581832421283,0.027660964863767408,9,0.09453055902142286,0.37183955631153237,
DrivAge,VehBrand,0.015192047807836496,0.02199631550452728,10,0.15032326416061792,0.07045318073083133,
VehPower,VehGas,0.013423288814235657,0.018402604755195263,11,0.0419935582542856,0.0700280444361812,
VehBrand,Region,0.013188678876699179,0.016060555856123482,12,0.07045318073083133,0.07165167595995352,
VehAge,LogDensity,0.012866489833776569,0.01840877995802065,13,0.09453055902142286,0.112383538600597,
DrivAge,VehGas,0.012823309568862849,0.01602490380626624,14,0.15032326416061792,0.0700280444361812,
LogDensity,Region,0.012110719198095301,0.01545407328222187,15,0.112383538600597,0.07165167595995352,
VehGas,Region,0.01126080238376585,0.015071161658302544,16,0.0700280444361812,0.07165167595995352,
LogDensity,VehGas,0.010512256223177956,0.014402412533345066,17,0.112383538600597,0.0700280444361812,
BonusMalus,VehGas,0.010117871976939776,0.013224066191940146,18,0.37183955631153237,0.0700280444361812,
LogDensity,VehBrand,0.009987270510662399,0.01601811280414985,19,0.112383538600597,0.07045318073083133,
VehAge,VehGas,0.009222485422691995,0.015428640173897527,20,0.09453055902142286,0.0700280444361812,
DrivAge,VehAge,0.008766408580754241,0.011865924255188388,21,0.15032326416061792,0.09453055902142286,
VehPower,VehBrand,0.0085436053407587,0.01541346531581544,22,0.0419935582542856,0.07045318073083133,
VehAge,Region,0.007815923213454874,0.01245644767794987,23,0.09453055902142286,0.07165167595995352,
VehPower,LogDensity,0.007719940317241978,0.01224473085732427,24,0.0419935582542856,0.112383538600597,
VehAge,VehPower,0.007007011426645853,0.013470099183218506,25,0.09453055902142286,0.0419935582542856,
VehPower,BonusMalus,0.006347945146911779,0.008681578835499127,26,0.0419935582542856,0.37183955631153237,
VehGas,VehBrand,0.004000442776411466,0.005089005831178217,27,0.0700280444361812,0.07045318073083133,
VehPower,Region,0.0029506903569492954,0.004520451788987532,28,0.0419935582542856,0.07165167595995352,
