term,relativity_offset,relativity_exposure_control,ratio,flag_move_gt_5pct
DrivAge_band[18-20],0.5685385642676096,0.5581015608772798,0.9816424002762684,False
DrivAge_band[21-22],0.45868516907367846,0.4603843858791407,1.0037045383631955,False
DrivAge_band[23-24],0.4262477182935558,0.4319083344666969,1.013280109030971,False
DrivAge_band[25-26],0.39103728393602144,0.39479394133032025,1.0096069033532706,False
DrivAge_band[27-29],0.3777860748257073,0.378229418209703,1.0011735302424798,False
DrivAge_band[30-34],0.6100520318425259,0.598971387184026,0.9818365580636896,False
DrivAge_band[35-44],0.8084865957965457,0.8008844283780954,0.9905970396318563,False
DrivAge_band[55-64],0.8021719872648657,0.809111892690852,1.0086513933871577,False
DrivAge_band[65-74],0.7873890924541286,0.8104302626051856,1.0292627499820228,False
DrivAge_band[75+],0.9158051804470915,0.9594347528088143,1.0476406699735232,False
VehAge_band[0],0.9515659593915676,0.8337619070806833,0.8761998039671277,True
VehAge_band[1],0.9783753937008404,0.9645451594728269,0.985864082113003,False
VehAge_band[5-7],1.0146300067571654,1.0256805960967759,1.0108912502745004,False
VehAge_band[8-10],0.9429803256915553,0.949985385547901,1.0074286383983764,False
VehAge_band[11-13],0.861926269497173,0.8692205630752687,1.008462781372647,False
VehAge_band[14-16],0.748400514883697,0.7445212548781661,0.9948165989622099,False
VehAge_band[17-19],0.6728192121075109,0.6702824705981766,0.9962296833032036,False
VehAge_band[20+],0.5971128258365463,0.5989438565801614,1.0030664736451604,False
VehPower_band[4],0.9128486109354667,0.9147193029703371,1.0020492905531766,False
VehPower_band[5],0.96531032556131,0.97002527702343,1.00488438933809,False
VehPower_band[7],1.0004792179890778,0.9957216255090376,0.9952446863518037,False
VehPower_band[8],1.0168655657362384,1.0099418407655536,0.9931911107977466,False
VehPower_band[9],1.1526310029251883,1.1347664201630288,0.984501039173142,False
VehPower_band[10],1.143670698755881,1.1366035496125453,0.9938206433451312,False
VehPower_band[11],1.25652304882156,1.2323954581593557,0.9807981312520828,False
VehPower_band[12+],1.1734051039570725,1.1629106172964065,0.9910563822968935,False
BonusMalus_bandB[51-55],1.3791696138276293,1.345470448891098,0.9755656123810577,False
BonusMalus_bandB[56-60],1.829207804874663,1.7602126190841232,0.9622813845388839,False
BonusMalus_bandB[61-80],2.7412373934270557,2.5716989580110914,0.9381525891108577,True
BonusMalus_bandB[81-90],3.027912683021536,2.7889512407434998,0.9210804711714546,True
BonusMalus_bandB[91-99],3.878446790945333,3.515168667737006,0.9063341221912751,True
BonusMalus_bandB[100-110],5.975201928649512,5.114505371867832,0.8559552351436245,True
BonusMalus_bandB[111+],9.320529279597308,8.801530257612093,0.9443165719009856,True
LogDensity_band[0-2.5],0.813554236962303,0.8217945015410149,1.0101287218532349,False
LogDensity_band[2.5-3.5],0.8705861761205955,0.875970297323425,1.006184478171732,False
LogDensity_band[3.5-4.5],0.9331717889884592,0.935323121562307,1.0023053982120267,False
LogDensity_band[5.5-6.5],1.039414861732,1.0369807846701302,0.9976582237261704,False
LogDensity_band[6.5-7.5],1.1583722195518555,1.1458297210581718,0.9891723072411595,False
LogDensity_band[7.5-8.5],1.2335786231552812,1.215862104682995,0.9856381116373674,False
LogDensity_band[8.5-9.5],1.2018176093957205,1.1797915139810842,0.981672680411372,False
LogDensity_band[9.5+],1.319926709378072,1.327764280260992,1.0059378833894594,False
VehBrand_grp[B2],0.9895612971291411,0.9904982460182143,1.0009468325931818,False
VehBrand_grp[B3],1.0077002977835243,1.001544441354977,0.993891183279307,False
VehBrand_grp[B4],0.9979071246168256,0.9954554267056667,0.9975431602293646,False
VehBrand_grp[B5],1.0392827409362109,1.038747401989319,0.9994848957595412,False
VehBrand_grp[B6],1.0163276062416824,1.0094327406414618,0.993215902472907,False
VehBrand_grp[B10],1.0299832687670474,1.0167307822006384,0.9871332991823517,False
VehBrand_grp[B11],1.1704713264121653,1.1481982501620098,0.9809708484543326,False
VehBrand_grp[B12],0.8730203793571715,0.8013450399077019,0.9178995804173025,True
VehBrand_grp[B13],1.0019188055585873,0.993840314619739,0.9919369804279257,False
Region_grp[Aquitaine],1.1955391586041,1.1314113516277426,0.9463607640830164,True
Region_grp[Auvergne + Limousin],1.1410016682404795,1.099235891156261,0.9633955161970754,False
Region_grp[Basse-Normandie],1.011231596472014,1.0174911470676167,1.0061900267134067,False
Region_grp[Bourgogne],1.0084777849258018,0.9611258887108969,0.953046168271928,False
Region_grp[Bretagne],1.0142267670088332,1.0309865943702121,1.0165247338233905,False
Region_grp[Haute-Normandie],1.1067654977707897,0.9754129565876203,0.8813185435869338,True
Region_grp[Ile-de-France],1.1894093489668112,1.141175101673217,0.9594468907315272,False
Region_grp[Languedoc-Roussillon],1.072710746103848,0.9899967007857863,0.9228924986362965,True
Region_grp[Lorraine],1.0327938727312092,1.038391201996375,1.0054195996054507,False
Region_grp[Midi-Pyrenees],0.8803784086945777,0.8203581510920025,0.9318244779633191,True
"Region_grp[Nord-Est small (Als, Ch-Ard, F-Comte)]",1.1525689253420686,1.111000665505504,0.9639342525010142,False
Region_grp[Nord-Pas-de-Calais],1.202888508309193,1.1302385872115217,0.9396037782422666,True
Region_grp[PACA + Corse],1.2352508417147652,1.1690344276527866,0.9463943582745854,True
Region_grp[Pays-de-la-Loire],1.0229592629071083,1.0141092926223911,0.9913486581473765,False
Region_grp[Picardie],1.288565619714285,1.2407203690262143,0.9628693719931163,False
Region_grp[Poitou-Charentes],1.092376420742649,1.0902576554172714,0.9980604073054441,False
Region_grp[Rhone-Alpes],1.3793457079361524,1.359998164927006,0.9859733909361308,False
VehGas[Diesel],1.1495056702877122,1.1333707326360662,0.9859635858537283,False
young_lbm_senior_malus:lbm*age<30,2.5024808820393862,2.352045319370486,0.9398854297954503,True
young_lbm_senior_malus:age55+*BM>50,1.340782417365305,1.3636551945916953,1.0170592759348205,False
b12_x_bm_linear:B12*(BM-50),0.9892193982152521,0.9907430357401,1.001540242263341,False
region_bm_slope_2grp:lbm*slopegroup1of2,0.5833470783704279,0.5869743075914953,1.0062179607228,False
