factor,level,mean_premium_ratio_control_over_offset
DrivAge_band,18-20,0.915393859795065
DrivAge_band,21-22,0.9454967649490338
DrivAge_band,23-24,0.9569127093958019
DrivAge_band,25-26,0.9592836302584757
DrivAge_band,27-29,0.9679470035096885
DrivAge_band,30-34,0.9864654533483395
DrivAge_band,35-44,1.0109310823131992
DrivAge_band,45-54,1.030770123217982
DrivAge_band,55-64,1.039795461332766
DrivAge_band,65-74,1.0719907968774092
DrivAge_band,75+,1.104521713707677
BonusMalus_bandB,50,1.049611907011757
BonusMalus_bandB,51-55,1.0144351039915736
BonusMalus_bandB,56-60,0.9981036615457967
BonusMalus_bandB,61-80,0.971579740939785
BonusMalus_bandB,81-90,0.9521458372696541
BonusMalus_bandB,91-99,0.9353401810286938
BonusMalus_bandB,100-110,0.8749292581151644
BonusMalus_bandB,111+,0.9781643888004776
