level_1,0-2.5,2.5-3.5,3.5-4.5,4.5-5.5,5.5-6.5,6.5-7.5,7.5-8.5,8.5-9.5,9.5+
18-20,,,1.07,1.057,0.903,0.951,0.965,,
21-22,,1.028,1.122,0.921,0.976,1.047,0.982,,
23-24,,0.84,0.839,0.989,0.965,1.093,1.036,,
25-26,,1.308,1.028,0.922,0.942,0.996,1.009,1.082,
27-29,1.073,0.804,0.937,1.057,0.991,1.024,1.056,0.965,0.846
30-34,1.129,0.921,1.007,1.012,0.947,1.014,1.018,0.966,1.169
35-44,0.96,1.044,1.011,0.978,0.988,0.965,1.014,1.054,1.097
45-54,1.068,0.972,0.972,1.035,1.016,1.03,0.969,0.923,0.995
55-64,0.986,1.065,1.003,0.972,1.053,1.041,0.953,0.973,0.814
65-74,0.897,0.959,1.063,0.996,0.994,0.938,1.044,1.036,1.075
75+,1.089,1.025,1.016,0.99,1.052,0.798,1.048,1.236,1.02
