level_1,Aquitaine,Auvergne + Limousin,Basse-Normandie,Bourgogne,Bretagne,Centre,Haute-Normandie,Ile-de-France,Languedoc-Roussillon,Lorraine,Midi-Pyrenees,"Nord-Est small (Als, Ch-Ard, F-Comte)",Nord-Pas-de-Calais,PACA + Corse,Pays-de-la-Loire,Picardie,Poitou-Charentes,Rhone-Alpes
50,1.084,0.889,0.966,1.002,0.918,0.907,1.13,1.052,1.229,0.943,1.016,1.101,1.083,1.134,0.946,0.874,0.927,1.048
51-55,1.056,1.003,0.961,1.357,0.991,0.964,,1.153,1.058,0.817,1.415,,1.009,1.028,0.99,,0.944,0.877
56-60,0.819,0.954,0.902,0.69,0.973,1.015,1.37,0.954,1.155,1.679,1.235,,0.921,1.011,1.071,,0.962,0.936
61-65,0.891,,,,1.315,1.169,,1.017,0.884,,0.572,,0.965,0.779,1.057,,1.075,0.876
66-70,0.97,,,,1.062,1.035,,0.908,0.812,,0.772,,1.023,1.007,0.966,,1.089,1.001
71-75,0.847,,,,1.215,1.087,,0.888,0.65,,,,0.902,0.85,1.266,,1.347,0.967
76-80,0.73,,0.891,,0.837,1.032,,1.118,0.815,,0.649,,0.979,0.994,1.115,1.047,0.922,1.071
81-90,1.061,,,,1.152,1.147,,1.035,0.797,,1.036,,0.971,0.811,0.823,,1.052,0.958
91-99,,,,,1.144,1.131,,0.818,0.453,,,,0.857,0.984,1.077,,,0.954
100-110,0.953,,,,1.084,1.168,,0.903,0.73,,,,1.032,0.659,0.978,,,1.115
111+,,,,,,1.134,,0.803,,,,,,,,,,1.032
