level_1,B1,B2,B3,B4,B5,B6,B10,B11,B12,B13
50,0.939,0.957,0.962,1.076,0.985,0.982,0.951,0.979,1.205,0.913
51-55,1.011,0.926,0.842,1.035,0.999,1.036,1.327,0.65,1.145,1.091
56-60,1.037,0.996,1.079,1.005,0.888,0.951,1.124,1.149,0.893,1.13
61-65,1.037,1.054,1.045,1.128,1.009,0.982,0.913,0.695,0.829,1.198
66-70,1.024,0.973,1.095,1.069,1.022,1.063,1.029,,0.833,
71-75,0.97,1.036,0.991,1.012,1.096,0.987,,,0.931,
76-80,1.022,1.03,0.976,0.873,1.007,1.132,1.028,1.066,0.911,1.079
81-90,0.998,1.051,1.058,0.872,0.953,1.096,,1.14,0.877,
91-99,1.149,1.05,0.973,0.891,1.108,1.085,,,0.694,
100-110,1.135,1.153,1.092,0.764,1.097,0.901,,,0.615,
111+,1.178,1.114,1.049,,,,,,0.557,
