level_1,4,5,6,7,8,9,10,11,12+
18-20,0.899,1.004,0.934,1.236,,,,,
21-22,0.889,0.917,0.968,1.015,,,,,
23-24,0.884,0.891,1.083,1.126,,,,,
25-26,0.986,0.951,1.047,1.045,1.177,1.02,,,
27-29,0.876,0.946,1.013,1.126,1.182,0.807,1.119,,1.156
30-34,0.927,0.923,1.008,1.015,1.059,1.173,1.038,1.194,1.191
35-44,1.03,1.053,0.965,1.024,0.865,0.874,1.027,1.089,1.055
45-54,1.097,1.014,1.0,0.959,1.006,1.019,0.974,0.82,0.943
55-64,1.008,1.042,0.986,0.968,0.983,1.04,0.998,1.074,0.963
65-74,1.009,1.04,1.021,0.946,1.128,0.968,1.025,0.737,0.899
75+,0.918,0.934,1.12,0.942,1.294,0.911,0.816,,
