level_1,50,51-55,56-60,61-65,66-70,71-75,76-80,81-90,91-99,100-110,111+
18-20,,,,,,,,0.59,0.816,1.187,
21-22,,,,,,,0.434,0.636,1.196,1.281,1.149
23-24,,,,,,0.549,0.847,0.961,1.153,1.144,1.189
25-26,,,0.466,0.628,0.761,0.881,1.031,1.192,1.257,1.125,
27-29,1.207,0.648,0.699,0.715,0.996,1.129,1.036,1.254,1.344,1.129,1.001
30-34,1.083,0.982,0.916,0.845,0.976,0.966,1.034,1.231,0.874,1.049,1.18
35-44,1.059,0.963,1.018,0.917,0.928,1.054,1.066,0.948,0.93,0.753,0.924
45-54,1.017,1.046,1.089,1.06,1.08,0.851,1.023,0.973,0.777,0.632,0.68
55-64,0.974,0.991,1.048,1.228,1.168,1.298,0.876,0.9,1.075,0.83,
65-74,0.901,1.29,1.347,1.601,1.406,1.283,1.34,0.896,,,
75+,0.887,1.204,1.488,1.346,,,,,,,
